Workbook

Sheet Time Audit
A1: Date | B1: Day | C1: Start | D1: End | E1: Duration (h) | F1: Event | G1: Scope | H1: Category | I1: Week
A2: 46512 | B2: Wednesday | C2: 0.375 | D2: 0.38541667 | E2: =(D2-C2)*24 -> 0.25 | F2: Team Standup | G2: Internal | H2: Standup | I2: =IF(A2<=DATE(2027,5,9),"Week 1","Week 2") -> Week 1
A3: 46512 | B3: Wednesday | C3: 0.39583333 | D3: 0.41666667 | E3: =(D3-C3)*24 -> 0.5 | F3: CRM Hygiene & Pipeline Update | G3: Solo | H3: Admin | I3: =IF(A3<=DATE(2027,5,9),"Week 1","Week 2") -> Week 1
A4: 46512 | B4: Wednesday | C4: 0.41666667 | D4: 0.44791667 | E4: =(D4-C4)*24 -> 0.75 | F4: Greenline Logistics — Proposal Review | G4: External | H4: Deal Call | I4: =IF(A4<=DATE(2027,5,9),"Week 1","Week 2") -> Week 1
A5: 46512 | B5: Wednesday | C5: 0.45833333 | D5: 0.47916667 | E5: =(D5-C5)*24 -> 0.5 | F5: SDR Sync w/ Carlos Mendez — Lead Handoff | G5: Internal | H5: SDR Sync | I5: =IF(A5<=DATE(2027,5,9),"Week 1","Week 2") -> Week 1
A6: 46512 | B6: Wednesday | C6: 0.54166667 | D6: 0.57291667 | E6: =(D6-C6)*24 -> 0.75 | F6: NovaTech Solutions — Re-engagement Call | G6: External | H6: Deal Call | I6: =IF(A6<=DATE(2027,5,9),"Week 1","Week 2") -> Week 1
A7: 46512 | B7: Wednesday | C7: 0.58333333 | D7: 0.625 | E7: =(D7-C7)*24 -> 1 | F7: Prospecting Block — Outbound | G7: Solo | H7: Admin | I7: =IF(A7<=DATE(2027,5,9),"Week 1","Week 2") -> Week 1
A8: 46512 | B8: Wednesday | C8: 0.625 | D8: 0.64583333 | E8: =(D8-C8)*24 -> 0.5 | F8: Weekly 1:1 w/ Lisa Tran | G8: Internal | H8: 1:1 | I8: =IF(A8<=DATE(2027,5,9),"Week 1","Week 2") -> Week 1
A9: 46512 | B9: Wednesday | C9: 0.66666667 | D9: 0.6875 | E9: =(D9-C9)*24 -> 0.5 | F9: Proposal Prep — Greenline Pricing | G9: Solo | H9: Admin | I9: =IF(A9<=DATE(2027,5,9),"Week 1","Week 2") -> Week 1
A10: 46512 | B10: Wednesday | C10: 0.70833333 | D10: 0.72916667 | E10: =(D10-C10)*24 -> 0.5 | F10: Email Follow-ups & Notes | G10: Solo | H10: Admin | I10: =IF(A10<=DATE(2027,5,9),"Week 1","Week 2") -> Week 1
A11: 46513 | B11: Thursday | C11: 0.375 | D11: 0.38541667 | E11: =(D11-C11)*24 -> 0.25 | F11: Team Standup | G11: Internal | H11: Standup | I11: =IF(A11<=DATE(2027,5,9),"Week 1","Week 2") -> Week 1
A12: 46513 | B12: Thursday | C12: 0.39583333 | D12: 0.42708333 | E12: =(D12-C12)*24 -> 0.75 | F12: Apex Financial — Technical Deep Dive w/ Kevin Lee | G12: External | H12: Deal Call | I12: =IF(A12<=DATE(2027,5,9),"Week 1","Week 2") -> Week 1
A13: 46513 | B13: Thursday | C13: 0.4375 | D13: 0.46875 | E13: =(D13-C13)*24 -> 0.75 | F13: Coastal Health Systems — Inbound Discovery | G13: External | H13: Deal Call | I13: =IF(A13<=DATE(2027,5,9),"Week 1","Week 2") -> Week 1
... A73: 46521 | B73: Friday | C73: 0.67708333 | D73: 0.70833333 | E73: =(D73-C73)*24 -> 0.75 | F73: Team Happy Hour (Social) | G73: Internal | H73: Social | I73: =IF(A73<=DATE(2027,5,9),"Week 1","Week 2") -> Week 2
D75: TOTAL | E75: =SUM(E2:E73) -> 42.25

Sheet Summary Dashboard
A1: Sales Activity Analytics — Time Allocation Dashboard
A2: Jordan Reyes · AE · May 5–16, 2027 (2-week sprint) · (TEST) simulation
A4: HOURS BY CATEGORY
A5: Category | B5: Hours | C5: % of Total
A6: Deal Call | B6: =SUMIF('Time Audit'!H:H,A6,'Time Audit'!E:E) -> 12.75 | C6: =B6/$B$16 -> 0.30177515
A7: Pipeline Review | B7: =SUMIF('Time Audit'!H:H,A7,'Time Audit'!E:E) -> 2.25 | C7: =B7/$B$16 -> 0.053254438
A8: Standup | B8: =SUMIF('Time Audit'!H:H,A8,'Time Audit'!E:E) -> 2 | C8: =B8/$B$16 -> 0.047337278
A9: 1:1 | B9: =SUMIF('Time Audit'!H:H,A9,'Time Audit'!E:E) -> 1 | C9: =B9/$B$16 -> 0.023668639
A10: SDR Sync | B10: =SUMIF('Time Audit'!H:H,A10,'Time Audit'!E:E) -> 2.5 | C10: =B10/$B$16 -> 0.059171598
A11: Deal Strategy | B11: =SUMIF('Time Audit'!H:H,A11,'Time Audit'!E:E) -> 1.5 | C11: =B11/$B$16 -> 0.035502959
A12: CS Handoff | B12: =SUMIF('Time Audit'!H:H,A12,'Time Audit'!E:E) -> 1 | C12: =B12/$B$16 -> 0.023668639
A13: Admin | B13: =SUMIF('Time Audit'!H:H,A13,'Time Audit'!E:E) -> 17.75 | C13: =B13/$B$16 -> 0.42011834
A14: Training | B14: =SUMIF('Time Audit'!H:H,A14,'Time Audit'!E:E) -> 0.75 | C14: =B14/$B$16 -> 0.017751479
A15: Social | B15: =SUMIF('Time Audit'!H:H,A15,'Time Audit'!E:E) -> 0.75 | C15: =B15/$B$16 -> 0.017751479
A16: Total | B16: =SUM(B6:B15) -> 42.25 | C16: =B16/$B$16 -> 1
A18: HOURS BY SCOPE
A19: Scope | B19: Hours | C19: % of Total
A20: External | B20: =SUMIF('Time Audit'!G:G,A20,'Time Audit'!E:E) -> 12.75 | C20: =B20/$B$16 -> 0.30177515
A21: Internal | B21: =SUMIF('Time Audit'!G:G,A21,'Time Audit'!E:E) -> 12.5 | C21: =B21/$B$16 -> 0.29585799
A22: Solo | B22: =SUMIF('Time Audit'!G:G,A22,'Time Audit'!E:E) -> 17 | C22: =B22/$B$16 -> 0.40236686
A24: HOURS BY WEEK
A25: Week | B25: Hours | C25: % of Total
A26: Week 1 | B26: =SUMIF('Time Audit'!I:I,A26,'Time Audit'!E:E) -> 16.25 | C26: =B26/$B$16 -> 0.38461538
A27: Week 2 | B27: =SUMIF('Time Audit'!I:I,A27,'Time Audit'!E:E) -> 26 | C27: =B27/$B$16 -> 0.61538462
A29: KEY METRIC — SELLING TIME
A30: % of time spent SELLING (external deal calls) | B30: =SUMIF('Time Audit'!G:G,"External",'Time Audit'!E:E)/$B$16 -> 0.30177515
A31: % of time INTERNAL + ADMIN (everything else) | B31: =1-B30 -> 0.69822485
A32: Benchmark: most AEs spend only 30–35% selling

Sheet Deal Tracker
A1: Deal Tracker & Q2 Quota Attainment
A2: Jordan Reyes · AE · (TEST) simulation · 2-week sprint May 5–16, 2027
A4: Deal | B4: Value | C4: Start Stage | D4: End Stage | E4: Key Milestone Dates | F4: # Mtgs | G4: Hours | H4: Status
A5: Greenline Logistics | B5: 76000 | C5: Proposal | D5: Verbal Commit (Won) | E5: 5/5 Proposal · 5/10 Negotiation · 5/13 Verbal Commit | F5: =COUNTIF('Time Audit'!F:F,"*Greenline*") -> 6 | G5: =SUMIF('Time Audit'!F:F,"*Greenline*",'Time Audit'!E:E) -> 3.75 | H5: Closed Won
A6: Apex Financial | B6: 110000 | C6: Technical Deep Dive | D6: Negotiation | E6: 5/6 Deep Dive · 5/11 Proposal · 5/14 Negotiation | F6: =COUNTIF('Time Audit'!F:F,"*Apex*") -> 6 | G6: =SUMIF('Time Audit'!F:F,"*Apex*",'Time Audit'!E:E) -> 4 | H6: Advancing
A7: BrightPath Education | B7: 120000 | C7: CFO Intro | D7: POC Kickoff | E7: 5/7 CFO Intro · 5/12 CFO Meeting · 5/14 POC Kickoff | F7: =COUNTIF('Time Audit'!F:F,"*BrightPath*") -> 4 | G7: =SUMIF('Time Audit'!F:F,"*BrightPath*",'Time Audit'!E:E) -> 2.75 | H7: Advancing
A8: NovaTech Solutions | B8: 95000 | C8: Re-engagement | D8: Cold | E8: 5/5 Re-engage · 5/10 Follow-up · 5/13 Cold | F8: =COUNTIF('Time Audit'!F:F,"*NovaTech*") -> 4 | G8: =SUMIF('Time Audit'!F:F,"*NovaTech*",'Time Audit'!E:E) -> 2.5 | H8: At Risk / Lost
A9: Coastal Health Systems | B9: 90000 | C9: Inbound Discovery | D9: Stakeholder | E9: 5/6 Discovery · 5/11 Demo · 5/13 Stakeholder | F9: =COUNTIF('Time Audit'!F:F,"*Coastal*") -> 6 | G9: =SUMIF('Time Audit'!F:F,"*Coastal*",'Time Audit'!E:E) -> 4.5 | H9: In Progress
A10: Meridian Retail | B10: 75000 | C10: Discovery | D10: Demo | E10: 5/7 Discovery · 5/12 Demo | F10: =COUNTIF('Time Audit'!F:F,"*Meridian*") -> 2 | G10: =SUMIF('Time Audit'!F:F,"*Meridian*",'Time Audit'!E:E) -> 1.5 | H10: In Progress
A11: Total Pipeline (all 6) | B11: =SUM(B5:B10) -> 566000 | F11: =SUM(F5:F10) -> 28 | G11: =SUM(G5:G10) -> 19
A14: Q2 QUOTA TRACKER
A15: Q2 Quota | B15: 450000
A16: Closed-Won Revenue (Greenline verbal commit) | B16: =B5 -> 76000
A17: Quota Attainment % | B17: =B16/B15 -> 0.16888889
A18: Active Pipeline Value (open: Apex+BrightPath+Coastal+Meridian) | B18: =B6+B7+B9+B10 -> 395000
A19: Closed-Lost (NovaTech) | B19: =B8 -> 95000
A20: Still Needed in June to hit Quota | B20: =B15-B16 -> 374000
